InterferenceOffsetDb,CoveredAreaKm2
-5,301.000000
+0,301.000000
+5,301.000000
